address,tokenId,amount
0xf6a38395488c164D44B0c67dA4a78742fBCA5401,1,14
0x8B93B405C4fCe6F6735041F92f4c87F2622Efb87,2,8
0x80705f18FA7612DACe20fC0472349905F4106863,3,29
0xBAe1A0f8f6677eBDA803C8Ac691994b7654Bc000,4,32
0xF9aA4fCcdddA8fC8241f3583670294b230ab622E,5,54
0xA0810AAc4347E5dB97402eB853906ffe6BfdE4E3,6,41
0x8d438a3CdAD6Af787F30Acb5F4c0A3541E1A3b19,7,46
0x94b4F70d193552Fced79f334B395E20A5a4C1d30,8,111
0xF7d60B156C14DD1C133CAfeb4c3026981669e97D,9,114
0x5D5296001FDA6bB933F70a9f0531ec96bbD41473,10,7
0x64A5f306535CF69891FdD4788FA29897F43ae771,11,63
0x7b8852A974710cd3990760c70e0C84FEAE3090bf,12,148
0x753C180D6AEaC08Db4151051ee7D60c70BCC5F9e,13,126
0x2D4cDF4FFb7A9294b3cCFd821f0BdE1A37910cE8,14,96
0x83aE7DB983f68490223bBd0F7761267f4f79e59e,15,162
0x0326c249A5896D0c545286563cE38837C38E0A3E,16,242
0x58EC78e15Cd954d006ACA5BbDB721D3F34869261,17,254
0x2D3A747eF96D78b6E0ba6b02E1cbAfC2aa1Ba947,18,286
0xFDf2bE07e4736de7d6D8D7898244A1D420EE2571,19,286
0x32F974948445bb298C1915C07034CFbbDA3d6727,20,197
0xB3b51ED96D44d67CEf7E449bD2F290f22427cDCb,21,172
0x25102d803891Dd0Fb9fee4bB8aE7CaACAC4aD13d,22,351
0xb77fe9342523A41405B85248CE754e8eE4C9D7eA,23,304
0x5da7cf2E064e21ecff21B39d0c7d9B5112182b0e,24,319
0x39566BcF0A6e7a6554071CB60b4b7685Ef5a4828,25,11
0xe816091C5A98A8e6a475C9b55ead52f9E880F0f3,26,216
0x71ab2B2A8F8c91A1A006c70F991B75DdC5bdAeAe,27,363
0xa8966d3A123bBAA201D8e92f80Ef901F016712C0,28,25
0x2c17f2E5116b39B89FbF8A03a24d31a9b8C2369A,29,312
0x2c9a1538Ed820Acb97f844BBe7A0576c043BFCe9,30,498
0xad000f57F02350dE49291A06F9ED052CB51c9169,31,447
0x88aadA82e0eE9efbd295F42F2f5107d02145190e,32,494
0x229A43A55C12879C59e2C592159477CE7C2ce8De,33,247
0xDB2767c84651810392D4Bf5071dA9C2c85db726a,34,362
0x265575e7c13FbCb5327d6a1583411c58a9952EE2,35,445
0x733798828dBaEa4A2ea11b49fbe3CD223F5c8cCa,36,474
0x32b893CF555eAe441C753ad29023314cce72C0a4,37,75
0x3C4BE2e38Bf98914b347a3E953C26ac0763dD939,38,231
0x5cE44C29d5ADcEB5FdE1dC383F5d92dBA9C5630c,39,74
0xb17B0598A62E8b8b3B098a570FFF50B75d2344cc,40,310
0x1B84306d889Fb66AB6F98b35a7055FB08252979A,41,467
0xf70a01eAb1C7073809a150c667C052B712d1020a,42,115
0xb45BDB82516f4616C473A78a974D26d68045e011,43,534
0xb60936A2bCC4eff4545CDbE45A184fe82aBdC649,44,254
0xa87d6F8d9bC53e514859AbFB1d270d47B17a8971,45,392
0xE695076A5F259E196Bbe3C08eF478E05487629b6,46,712
0x71C398c2DC892C65658BB65004F1A433eAFecDe6,47,317
0x0C538F0bF9C1243132D1e9F8F14fc8D15B5AD8F8,48,42
0x69d8292a3717Bea6A647a75dEb6C2b678f44DA66,49,267
0xa2eCE74b496E1300a7A9D98b8B12e5e256709950,50,570
0xf6DDcCFE5ee78F8ac6157Db6c77b532897d28F26,51,108
0x0A7DB6F316efD4E853ef30e32DCF3dE23251bf24,52,737
0x12af5Be98Ed61a65bcC4Dc0E8d65c6DA3650d7a6,53,872
0x76bf1cA470d36aE054e83C51F9D93F2124A5F6d6,54,316
0xe797035559D29231cF691E48873c9B8bc8Af9CeC,55,206
0x3969395b6cf3601Aa23dC3859803543A1A8C82c0,56,158
0x4E5dD854E93497D6B06DB606b07eA84254457540,57,775
0xDbE54169BE5d38e2Ca4c7d50BEd00c563020c275,58,807
0x477f427DcD1CEf4742613F40b991B88b8b302127,59,891
0x354fC5307b79Fa7073cF3b254C5004B232E19474,60,252
0x14d99472d41f29bbfE802B61Ba6c2087B8647200,61,291
0x1EBb0E5F4AcbfBE1A528159401819a7040B163C5,62,916
0x716C55c506F1F5e6794BAC1c5237870A28EFC9BE,63,578
0x90005fE16EA46606C7780C4803A9703899b6DEB1,64,880
0xD54cddE6c1436D4b1E1cbC00d76263De6589d6f1,65,92
0x5378ddf30C9b91a2F2f60d7D46CcEaDe7abdD77C,66,1108
0x9b9576fA89711d20bf8ae278D5F42a363a4878c1,67,1017
0xc8A55a5E6Abf57ffA4D5861380b125197f846c98,68,203
0xa5995D75A6F9c0d44594948D86E40b169e3041eC,69,196
0x101650AC21B22e319e9a0f9941dE16E588F3eb1C,70,694
0x0A7d50bee1c51234264E755ad07Bd7334a873B9D,71,371
0x349190CebDDAdFc41652e37Fca5be5251cB16fE4,72,181
0x2De64cc73e1F534BFf3B94d8D64f2113260Bb52E,73,459
0x80348C014A487F0c80b0Cf20865f30edfe4C2107,74,121
0x5cD28C9a7579B7CeC7059EbB92Cb1beb606Fc0B0,75,795
0x27DB752e2ADF2d03ACFD50d1Ae8b2207977c9DAc,76,951
0x465576bC2602a2564573F5aF957364F43AD94197,77,252
0x6dcAf96d8B42244EA446790CE2D056C9E13608C1,78,600
0x1F6b1881733Fb88dDB886F93A81b585fe756d5f2,79,102
0x047205170d7Ac8374dCf4B816351672123675d69,80,498
0xd24F43E86Ce7fD30fB368Add94d4be9ec738e127,81,314
0xdcF289186f8c26f8ccE5c83dE0fa026Dffe26dc5,82,41
0xd590efe077284C0660A44079EcCCB151fA52c155,83,1188
0x350e1C5EF7489147ff434265177Bd7Cf69d0499F,84,629
0x5401174058B07d3388AD2096403bdDD283A229E5,85,758
0x55abC4Ac99EF3C7A4cA74Bd9B7B96c7AEE1Fd1DD,86,449
0x6127DC46caeAdB8bbA506A023e335484814bb84B,87,1013
0x134a899cA90798Fb40eEEa33F20066a3B6724CA6,88,1122
0x6aB9c3A617e8dA9e5eF1f7F433ac630C15aa842B,89,609
0x23E554016F8075537D70beBbC713f50953649587,90,323
0xa44bFa33864e359BD6bb57B9b8800EDdA9a82947,91,809
0xF7EFd66aBbA0fd3D50ADf599405ca396957EF86A,92,460
0x4D1886A624585dae405A315f75E1d68Daf532719,93,1424
0x2be64d1f6e129A328460dc9F0c6C2979a92d134e,94,1041
0x2E7adD916A759f98b5a8199A858f7942619E181e,95,959
0x52d22752B5a4B20b764e5C6E59Cf3ed152A531ad,96,825
0xF1be7370957d6cfCc3EB9E5F991c765DF729600E,97,249
0x7f4885862499Ac4D81a5d7429BA3B837213Aa578,98,1599
0xAC8672D9823188c173cbe6E62FE77b9827Ad0edF,99,1224
0x1D7d2FC97f1Ab81FbEA97912e1bfef5a753E4376,100,1511
0x167E1AA4e53aa9eD3E69bF93A00E1E4c7bDFEd1E,101,404
0x31d83c0f3529b2C3C0AaBf2005116729B60a1665,102,1535
0x6dA87Eb43CE440F1F86dd54361Fe02bfe3bAdEF4,103,183
0x71d9D76eAC803c6c72FFe4ac6d5e191197c119DA,104,499
0x2722CD0C4C1ce13759c066F80ee02F734A1808B4,105,335
0xe4De9E0d6b515b2A411aDad003642bb0bDB09b06,106,1522
0x654972a933226d8De552D5938B057f355b88325B,107,800
0x285F21dBef9544E3028b330970E9E1A73407DF3f,108,1429
0x4171297920590CCD1894DF1Ab3C2fc154556C398,109,1260
0x1b0e9454eD22D36A79778e222f7a885Ee4C06391,110,533
0x9BE22D1dF68Cb59F5517E8a99CbB9148DF72cEca,111,1519
0x9CB84682066782DA744976A1857fbFF1fd0167AA,112,1655
0x9FA487557A21E11849bB86E8CA147E51a1006731,113,1011
0x9CA028dD956F19c103eC7BDAcf24833185911Bc9,114,1528
0x6D33d54c10aeF7B78c2cc54d33080659A8394FEf,115,554
0xa4F4Bda51bBc4Bd84699CA823F366b41749e199a,116,1108
0xF49c1bB58221Fff8dd984705Fd08308F90BF0b10,117,264
0x4De15FB9FC8369d44DDB241E194D0Bea0C1e3C45,118,837
0x1EF0FBEcd9A39f0ed58D16E456Ed9AE0b776d50f,119,1223
0x44242168f596B7859B1F7bFcD2A9788CbB8B80A6,120,960
0xa4141C511Cc12170bACf0007d8d30C4D245b6Eb9,121,884
0xdA4C667b260F393A5C80bA8BC6D7056815053f50,122,916
0xEf406b5485B3f81856223929D3d723d188126d6C,123,552
0xfA8Aa367fEc25a9661D9bCB75648D88B3F94cC47,124,987
0x0B08924d79605DE99A04128Cb7202577977Cc017,125,1676
0xE16d92ef624DFB0E051f5dDBD199c1d08A4182d6,126,197
0x45Af195aEFcD6ad5aBF4095bC48e3726F6c8438d,127,1796
0x398b99516BA92Cc6077CA52b24f284F3A741b8da,128,480
0x7e7F0Ca8333F722416e379f3b4b5Bd921eaFaeC6,129,1338
0xaC901baDCf9fb444F39F3D670Da760dB605227F8,130,160
0xd24aEB3c38301E144dF90C8f85082858EBef708c,131,405
0xba75375DA39A45a2D8C26Df3e9fa131625A8de35,132,2168
0x34ac8634E0Bb169f86B315E61e34ea3f3D32213A,133,161
0x60c6EA53E16DDd940584A113b85614e09968D93B,134,711
0x06f68B34d1cF63C61BE8bc5DF55adb99c04A3498,135,1146
0x12d2a9f67Baaf6b03416449A1A71C5F83cce584a,136,1973
0x862FC6ea6E80e7816F29d2CA66FF6113EaE379cD,137,397
0xAd114F14777DF0823A2A73c085c37255e35e00D4,138,403
0x8F7B4881600c31194498F8c2bDf6760951c7567c,139,725
0xb7cD7c071AB6Ee683c4ab75886d92Dd7CCd61D0e,140,88
0x78b95736f1E7bD8D5EC7143424182f1cAC6576AE,141,1177
0x01D01155FBE344534F3835b87294Beb9CbC1818b,142,708
0x1B0576785e0CA50C38360E645f1c8Bd51B0670bb,143,1049
0x14C292f59D6422C4bd1748DadBFbbbd75CDC1Fe0,144,740
0xDB678e927d12aAC313A70ea514Af8a328Cc688F8,145,1221
0xA9D486c10A633A02Ba2f8Fd8CEa89CdCE27e1a9c,146,772
0xF8b239Dd5FF3033e99E0A96D8d79679AB501CdB8,147,1512
0x83cB074edEECE186743599B8247808DbB53227eF,148,1258
0xb7B5C7a9f536aEEb398fED733F068188AcC8B755,149,451
0x843EfD9CC5FF68599cF69cEd7c38185Cb66f2dc4,150,480
0x5C8F5c75DCeE0218D0F244237e0A6a2F09eD8279,151,716
0x21E0b683ff279A7B0Bb0D1349D7A422b0D562739,152,951
0x1108b6DDB876d87F0c14A3fDD099b17AB76FE267,153,2064
0x8D797957DAfD30725e3cb34A937934A370925B0d,154,1862
0x99D93Ac78f1DD1271977B49364579ce8354EdB93,155,1196
0xbfEc61Ab4dEcfcBFC8485521C9c9382711940b0E,156,679
0xFB436F803Ac1952FaBCc84cfEaB589969f77002C,157,2031
0x61d501e4ABa2196954158a4B046F5F870b6e4803,158,456
0xf6d7112a5Ea266A3c9423a6fB1c277F996108332,159,74
0xABEa3bb061285856c7FA260f027ecBF140f6DD77,160,212
0x15BFC6D34913cF08b027A4867B835fFA6C6649b3,161,537
0x685850A0f85F51ED95cB32A3415af9ff2bcEb5b9,162,1938
0x415EcAaEa3C5021BbadF5834e2435DD7d154381f,163,91
0x36e8d575562b1061F442C9Afb6861a30AC79a17C,164,562
0x0f2913ae1851771fB9dfc71FeF32440ce53c1767,165,2387
0x6551513241d2DEFbC3bd1525FcEaC78f6030381e,166,842
0xCD8fdeADF7aC833f888518F24E1843e68073E31C,167,2066
0xE9ba4cbc3Ef2e6EfD75CA83868E1B63D82FaAD9d,168,2275
0x74c8B7B1500dB8a39cc89524857adDD3e2a48970,169,1400
0x84FFa66DA4f787Aba865B3444f5d0fCBdAe32d20,170,689
0xC70813E4888f912dd1DdB5b8433964F7fbF6eDA4,171,2656
0x00D86ED2EB9D24598Fd51949CDCdC7A499def986,172,1150
0x08DC9d941e48DDD97A1a71b38cea7Be19e443340,173,326
0xb4a3215C1CfBF24E743B7750670c8068aB5Fc608,174,2537
0x733e788f01EFb7DeD49e4824E106Fdd578E99aB3,175,2031
0x6218F3aED8dD0E4060290aaB92e77D31011B557E,176,2019
0x2C87Ec699C3b723239Ad36b33c92B645d813Adc8,177,2717
0x920Ba1aBb2A0710623dB439FFA0aAb1e314C496C,178,1931
0x7Ce19dA29A0B1d76b002e36c0d4CCe0371Bdd730,179,1970
0xCfD7D599572f5245E3aEf4633bCEe6208F59fb37,180,1750
0xFD0665c2Eca49743ccBA22Ce1d6fE35F51551dE0,181,405
0x0229C6046e7730408A649FB866B76Bc0E285740b,182,2044
0x1Dc21f28a7CB9D885Ee22921A021F92F4d5dE12b,183,3087
0x618cd63aC2A0814ef851D4210A201F997214F9CC,184,2332
0x10606b21f21B1AA9a111D3E57Ed48b63273320Af,185,417
0x4D4f8bB6eda29C57f3593Abc69c385b99D9158bb,186,1358
0xfA61D633f0c8DE10F5A43ce31271Ff0bd3ab89Df,187,208
0x70932c6A166112bC158127Cfc3C0e273984c353C,188,1467
0x9e774E3351AE5b065E82Ce34102A9e194c5813ef,189,1607
0x3b51d67886Da862FE5454F1cffa601E7B75CE076,190,1273
0x2aC5526c168E120dd53DBc1A03A9aCA35AD7a70e,191,1947
0xF87F087038a7c959e08c04d1DaD94c286CF85F77,192,218
0x91E43CA4879E5EdfbE8500BcA1aaBB04e9E7Cc37,193,2423
0x332f9c9478CBf6D00f5754384F86Ad16ae6763e4,194,294
0xE811327E059D56b9A0a2E7bD8Ee8B29F2010C53d,195,2406
0xF88063DF6bBf94245C3Bcf1f0F3F967351Abf392,196,1056
0xD070E11F3E4393F83BaF3DE006E9B2a3Ed22c0f3,197,2192
0xaaA4e43756a82968dda7654237e55A3129fa7aEC,198,2384
0xA5c0c17ee51bdBed527a19BB3c6EB987B8EEBF19,199,997
0x5DF99929b5b3c1bAce0D64148a52D97b23E4eAf2,200,941
0xD524E9070F5d97eC7f2C4bCB1323C5e28123F23D,201,855
0x4585c0a65242c4F088Df97db7d7d12dD9540D107,202,2633
0x8C034d0fFd8f9B36Ed12c0FF713462631eCCCccF,203,2161
0x7EDdFC196C8d74FCD4d60039be232f622e22ad7F,204,1738
0xe079E7f1656f537E9E2c878Fb5547f9f9A141D08,205,1067
0x0801e639321f52da56925258793663EB0fed20cD,206,249
0x145C1b5C580a4077E0f195966b3CdF8ce87c6537,207,87
0x69376cEbb710ed2AaD089e36FBE5146e02c971CA,208,1758
0x3a78FC7Fe055a16692081FBfDc90780fd1dfE249,209,1051
0x4921af4B5fb2EEb9a2B6DC94bA714A7FBF5284A3,210,355
0x52eA588485fC5e7Fa591e5CdF0c5829c07782807,211,2979
0xe1323A0772cc355C7dd8ef83B87F7e4f8F045206,212,1950
0xF37157214442f3439744E64DCB85e2a95beD574b,213,3412
0x3DF2281B062350FCd714e6C9198A59D8bddFd8E9,214,1332
0x82F91777ff20E191D4bc0c67624eaC480C248DCc,215,3649
0x84d09618bd4b229B66757bBaB7502742BB2794d3,216,2614
0x6857DeD932761f6134182CBecAFb35308794c902,217,1311
0xE088aE42c434416506D88dD2b8590332696Dc3D3,218,589
0x2d755D9C592d33eD004cfBa26aF483558672D853,219,2852
0x8D9340D3715274836FAF5010019e2Ba526166a45,220,1563
0xaA6463cc19B445C007888Ec8aEEf1e8f854bd722,221,1922
0x8F1387f987c1AaB664c2e2A42386BDB0C1A1fE58,222,3275
0x09C81a42af4B6FCca308Cb573848F05A72CF1DbB,223,1162
0x98c3F433A97396BE5E489a8E0dDD930b7049a2dB,224,420
0x3c2E7D2B4b978937e87A1cEe1A790a5899484D2c,225,3138
0x659C3901BDde13a4Bee5E069D5082801ce4A9A26,226,2683
0xd981A73662F91EC580e9Bc0F9B040a88D9aA8185,227,3825
0x1420107c366e9c5a807c195cc5719487414d27CB,228,3469
0x125e7d0f9599ce9956100B74Db0BB258C4B2Fe46,229,1899
0xBC4B1C527164e29822a6c5Aff8dF01DA20629305,230,152
0xeE1645Bb4FAD32eEb37D1044504BE84aa5b7Ab69,231,2432
0x3a68716337F886e016c92ab58Ea6e5F63f16785c,232,1009
0xE12B3E08E12c8C70e15Bde0080206fe234E40212,233,1860
0xCf43224A8504a3a37A3C336E6dC84498707720cB,234,214
0x2f977346104a8E76a68099b9C6c9D7e091b56e51,235,2017
0x642c6736048c19fAC7680c8D892e7628d15BB048,236,2968
0xBd57f06139C9Ad773b191dCCBA272Fd03F4FCF4D,237,3235
0xeD0BC1D281a6aa95575cD4e9A1A2aBF5a828bB7f,238,1997
0x70dE90930cb8c5C06fB56760170E85E928Cfc497,239,3429
0xfD02a848C02D0A7CD6E94431862A16c31763D10e,240,316
0x0C34584C5EBf27fE040692a261D4E9E4d9d11095,241,1138
0x897519C15cCBa49A2012a44093CCFd3aA44e699b,242,2900
0xbeA9aBaa271BEaf64340fF607Beafb115D2e149C,243,860
0x4Ac3c297194759599c4d9e92c0a4D935790e9a3c,244,55
0xADD9b3aD0aFFFc28734bf9A100B0262d99de8b87,245,3564
0x9051Fc71ACf0C738799dA678DF80386F9408fe23,246,1261
0x792ac99F91030d97C90125043D5D63C26351E4EA,247,987
0xe646F23D1f9493D2DEEe50b36F1E221C588735db,248,420
0x7F507c96c05FD4C65765882E52b665B33488Ac39,249,620
0x219dfe3845dA167404F395a00b63098E28e87d87,250,4031
0x997bfA67e1FB00f58d1Db936a769551a129Dd7a6,251,1362
0x202687E31B456A54178b05F9d5079B9371868cD1,252,3970
0xD081aB3dB34D8e3C96D5d653D70122419c3eBdc2,253,1381
0x13bE4eC2F59c24C93d06D1daffB326413cD36712,254,2253
0x8ee1f33Ed9ceCea13cfc02702536d737B02d68b5,255,3921
0x97f0D471b5e22eE2Ea16bbee7e4EAea16E7B844C,256,3129
0x86a4521ee55B7374204745febD809312e24aDc69,257,4061
0x94aB7A80374cdecC8A08549c83e12fB893bf5747,258,3132
0x735547755925261dc33BCE23647b2266b2250687,259,1261
0xbe8e69291F2a4a40b807A5838B5Db14C21038267,260,810
0x42Fff49ce2C915Dd367E8Dd3D5E4aDbe98B57006,261,2900
0x4c54eA5758287C8e4269DdFE47f7846A0C2cdcA7,262,4255
0xf2b42544DB97472e925E452DB530448FE8d0Ef85,263,980
0x290AD5481343e52D1FD16861f32125ba96f46481,264,3179
0x2b454AC9cF3Ec3c007b38053c8280FFdeF9CC72d,265,71
0x2048D602048543a2b46A1741dA51b58EFE329CEE,266,827
0x9213B8aAFa7FC83b84c9c511ca42b1Df76266aF9,267,2617
0x1a2987E6ba83b380f8b408b34C76a59eDfe7146C,268,2796
0x718730d93F1A5bEd75eD9faE838817888c2bBA41,269,4191
0xD39ECb683754813CbB6988e0D7404AC8C751b7cF,270,1772
0x0e65420324D45aD6Df6FcB0f1917726723aB12a0,271,2488
0x04CaC1c71C7024064F6b18dAec06B4a063A07C55,272,4467
0x2E17C6E782De29Ecb41E7ABE50Efb45C5845418b,273,3220
0xfAcbf0BCD0b3d9221a5B4d8439CA119aFC00136d,274,1420
0xd91796EFf3098C7c3747dCf945D0402a9fAFb416,275,4654
0xDD5aAd5b80646733d4e87D0DFCffE135d91b158b,276,3693
0x89FBd198af00d753772b081cC0030A3e54256c19,277,2700
0xfadfFa69839373c6D8A18A35C9F4E39c6aa95C7C,278,2403
0x7190E0d57691e1206309a12AFa2615404DEcc47C,279,981
0x9F9Bdbb02128C050a185a15a4d84017313820EEF,280,3693
0x49697c2cEA2aacaBEA61B4d6253cec882e9Cf4eE,281,1513
0xB1D9F7B3a7440A02b3032EEd9282f83E7C0FedaC,282,2326
0x4E92a82828Ea30Af00DcB0338C2e214759AA1Bb8,283,770
0x26e43ceF443Ad85049eFa2916bFfaeB8486DC329,284,4824
0x183E8f9cBD1D1b038E5e9Ed9898Ca7d850FCb915,285,137
0x559f33407806375260BA3a98AAc3f54d732EB0CC,286,4694
0x7FBc2248cDD9B990386bA6AcBf912511Df2050FA,287,2737
0x5E948E3C239a130d2a0383e0C37ebfb9d5B64718,288,935
0x6996cB5cAe9476cdCc14FA4640147A5Df54e0Cf0,289,1227
0xf2B180b7F5492361d524A5Fff5026C4D05De519E,290,3001
0x3f52d00294407f196ddF61bA67D659AEdDB2604B,291,1253
0x5BC48C668Dc8886e362476609EFce71D98BF32bd,292,2153
0x59FC7BD1bAb65b77aBB2B5FC9C3a58B4E775b10c,293,1463
0x97A4F04C582e59114A582bbd918fF3F7e95a18c1,294,2992
0xF543E2876770dBA191ff9892Cf624499dF8Df1e3,295,4318
0xD7F999CB3269548CCc8E1766ac4562e5227bfB30,296,1867
0x5ac4aa00C0FEA61E0Ad045251c0bE67BE7549B93,297,4219
0x2E9F67E73DD6610596d553D696720B3A7aF6aB71,298,4663
0x322AF2Bff31A42646D6a86990a89CD6528149c32,299,4907
0x45827a0A24D3DcdE0398f1e02F295ceC1824eBc1,300,2305
0xf9647658BEC7fA5b1b3BD1A81EF9a113B0f9D3Af,301,4186
0xd38C35499b144bbc182562f369FE17885CE9f7c9,302,3959
0x09f1634692248F11EEf1e3f03498d85430e41cC1,303,3068
0xb9DE75318B311e1Bfe6aeAc124dcDe35EBb787da,304,4443
0x3391be6b01dFB43AdB72be2602E30560803195bE,305,268
0x201B383A7Cb8Ab3c8A27Ae078AF4fcc5C6002AF2,306,709
0x4A136cC265DcCf24eD3eF29C0d3D997aeBF97757,307,1175
0xFDc985314289A79bdA7166a41bFbec13b4B9bad6,308,4956
0xa71baF038907881Ac5A21595215D469c6d5A3eF9,309,3389
0xF9D23Cd57E88d55c161Cfe8248C4dEF1E0De97a2,310,4598
0x117E6f5b4D351DfAC99Ad26Aa330ACFBd07F9FFf,311,3983
0xC21ED60C50b0a57ce617804E629510906b47FbEe,312,884
0x4cd41D63C2D2Bf05D44B17937147AdF951443aBD,313,147
0x860B3a1A808Ab70A93A0E7B1cecA47E7bfeC44DC,314,2706
0x581dC69CE7b9ef9F4C3344E52B8Bf31B4FeC4192,315,3810
0x2C1DD9d17bE59eDfDAdAf9c69c8F79c82690589B,316,136
0xd9cC14e72D92211fed295F0736c62B4603925577,317,2680
0xc635A9AdFa60a0eF280c14cFf349245f35a4E153,318,3119
0xbe2c4d88f705105Ce7b9AC99b4F1e57F96c7902a,319,2478
0x450931C6CAEa9E0b4AD6C9b4B8d88E991C0f60F9,320,1597
0x500559b00d8C464a1A31C59572494F423F142507,321,3014
0x05DB64Afe54CC0662fd88E6861034de42adD1e43,322,3556
0x4F7BB7E334275Cc6f21C69481a17542E2DA550F6,323,2769
0x77E5be1569ECe10E1d90d95087141F13A97c6D25,324,1430
0x3206Ab7E6AF1C4e8f9fB8C3AaFff232206AA2f8c,325,2901
0xA3C66de5Db918404f023238aA8cc7Dd089b92099,326,4174
0x0212077f0D373b9B8eD0d6eB9B4F4199E5e5e148,327,3037
0x7050e29801B9a9D717Fc7C71Fce451BF2DDBf02F,328,2748
0x1e6900Ca99405108BeB46a72599E0836AEDdc52A,329,153
0xF693527E936Acc403050eD2a351715a1CC60397a,330,2343
0xb91279159f3c000E927807FE2A5bf15B808191AF,331,4516
0x4A2a1a3B20923521740dE83c88Ee5f661360eb58,332,3216
0xf2a4C30e3C0ba5E1e6234b0dee499DCBD001a44e,333,3722
0xd22156eF0023546a3b4D6528dd18D9F65A47Fd25,334,3408
0x787d4A10C3520b6238f18fE049368c41783f8113,335,229
0x8A8b11A306995575953afcb15d4F7fA8B96C92Bd,336,2391
0xFc30E312792ccd9383c3557e538a8AaED4774C38,337,857
0x20728be196B5c501aE7333930917fD13DFD5099E,338,751
0x792Db6aE254f5bcf3CfCE093B80aAE75D85fbd82,339,3284
0x833c5f5582553F984BF71D20E9d74724E64292BE,340,4496
0xA2680650f45dfA41e8eb75788F2EEc20D83f58F2,341,1551
0x2eE38049B689b9B96A508a8A3aD6942a3aFF8D41,342,3549
0xBB0A8501B198D65795E43c48520FC5cf853ab9aA,343,1002
0xeD22C6fA33e222582E164bA94BEC32AeAB389D17,344,962
0xC3218FfDdA24f8e16A51E36DDc62c10d83fa7820,345,3584
0x0469F8dfEAd72D8dCF7aABAdaEFC7Fa9eB84c4c2,346,625
0xD9b5D6c10549913a817ee78120Fa99FE694314e8,347,3352
0x478A75AF5517dcf677ee8101047B1200221b078B,348,2614
0x11f933be87BAEfEF8687B60db3660A73E8A9200c,349,4911
0x24aeD5084fcB9F4cc05bF0b13e8fA4276D78655c,350,3351
0x68F94C987bFa702B6cAdC1B527e6581165B86fE3,351,3483
0x7b125097887EC8710c9f79966EFf00F6d74b2502,352,486
0xbcaf855bF6F5b1FA7324fB0fA07ce029Fd325Fd0,353,338
0xcbE66F06b32c1e28c7B750bA0D0a89FF1E080F82,354,3628
0x5cC60375b429FABc15dB2E3EF13f37F4ce189807,355,5832
0xF235fdd4cDD61801cBb92c3a55dBD321f690414D,356,3469
0xf6c19438f3375Ad720Da067CBce19A5EaaE06A9B,357,4057
0xD7Be94CF147Dd5C397b127144b8A89365bC634c2,358,3511
0xC0ffD3f6412Ac52057A3c91be9b43de9D35118b0,359,2399
0xC051f4A0dE8C8d9e046E73E13F40b0A1EB44d19E,360,800
0x6CE5d92c698675795Ac8C7B8C4f44F17713B8fA2,361,5578
0xbc9656D202726F20fc1867f085bb586a22d76F00,362,3684
0xEc8d40Da23A5B1ADd255730f17D063927d989FA4,363,3591
0x3dd63c323b445488fF7721790b10641672eFDE2c,364,1948
0xEaf73db3104aBAcaD580adc18B4a43Ef4Bb1f721,365,5955
0xC06Cbbb22b4110Ef171abAF1B7ce59F3F46D1832,366,2428
0x44E6A9fF2ff6f59CB018a62F7DC7BA0bfD182Af2,367,1123
0x74dfA3d133dE6e624c6D4D38809479AE053f966A,368,1154
0xf56dB22e489932107Adbabc5c855dA71f19E2446,369,5874
0x2BFE49a335A968734acC76ad03D1c415Ec237D6E,370,2002
0xC092cE5e8342534870bfb8A61E4d9Cc2966B654F,371,332
0x22634548C938F0d9454dE2CE4F7a290f9fEEA5f4,372,843
0xC13A3bc6748f458a9dDb0F0e070eCfc0C5dd7146,373,4546
0xe6A9CF4b1721a051A088a5a3058bCf15c355A57C,374,205
0xF3c989F65605CdCb023316eFa827398Dac85CFc9,375,2587
0x5D34724f4558FE1cF16aC9ceEACB7C5760de9497,376,1621
0x0aab93A0597F5677b4ab40bC08223D74119338BF,377,3007
0x49b6e583a470D3d05a66fb0d3D71C6B3ba918880,378,4414
0xAfFb742506CFD47E97E7DA41594303669867244f,379,4058
0xEF9A9d3d94e26b2b6f11ca23F76B5Ac792D4c6c7,380,728
0x6492c001c9ee59dc6976B78E7faA2bc92935D2B9,381,6405
0x8284f160CB4CFe9F1Cb28AA45b441D6F6dD6643f,382,2090
0x54A8782178cb7F2f9042FF17bf6771BB1f05aE14,383,280
0xc9F83959E813A32B9DC4e90b30557fbB008Ad773,384,3214
0xD694eAC86E7b0A3494BC0e4FB1909A11dd1a2A47,385,3866
0x6DE9c6a34574C05BADE00977364F02bA90dE673f,386,4674
0x85d7fc1c25C9839f1FAeD28a69d0dD7FF7046f10,387,34
0x8C748Cdaf26Cac900155A79A9d83954464E40516,388,2203
0xdEAD8Ee61b78C19d74c244f1050c288B7d35989f,389,141
0xCaAFb9553548f93B148EE6BAc3367a1049CD1688,390,2227
0xB37Cb119D6004327C914F8B7fE164dBA3ACBA51a,391,3620
0x1526Abcbac6Bc884Cbbc1cF3703A1468Eb23E180,392,2738
0x149928FCAf33D3d06bEbCc32F3FE19BD36e2CB15,393,2678
0x1126fd85B99E857b3E253caEF571764a5B2382b6,394,4950
0x212D488267b7090Bd0BcFAe77EeA3155C1588144,395,987
0xaC51a8359c5263c8091C6D592fb453fC1093Fdb9,396,774
0xb8b6D91922d4A89872272c1d911Ca66A7e70f74e,397,3737
0xbd877A444327cA8e5936a828F4a0B27A4057b426,398,2704
0x120e8aDddfd1A97C2A36f62239d5a7f786812C10,399,4866
0x62A6Fac079AfdA2D0B416fB0c3554d070d341c41,400,311
0x4014979F1c0515A64b565152b64D254778B568c2,401,760
0xa2590B3f91b0bf02789d427D7Ccf87d031D29c19,402,5768
0xEeAF9e180b1393f5C2912CD277615B03a6b1b678,403,2766
0x513389D887102B4027a86264330157ADD51B10a3,404,3222
0xF021d0BB79FC50Ce31850ffEE48B7d4a56803794,405,4257
0x5C40d20E01C36d2729F705E43AC3409A99B3Ce72,406,252
0xcA85F6d465DdD86dc2c9E4E1F0b35f56710C0127,407,1842
0x99c632F2F23dCc422334593900114817436906eD,408,1209
0x2434dDfcC563571906B880c0FeeA047b3823Dc4B,409,2320
0x207b0C4Ce622a099ca6ee53D240cE6ac9Eae3472,410,369
0x34694e14E874B3204403d6cc317caA8Dccf918ee,411,1850
0xeFa7985D03eD3B82FfD5Db4Ed1f7DD20eEDbf26b,412,1373
0x7567188415C814164eEA008968f821621e1e33E5,413,6073
0x9B47fd35a1A1BBD4d4398F227791a42260b9cd7C,414,2880
0x0419bcbCA5D2d58176030c0164b5272E354276aC,415,3761
0x17f05464a69120De461F3d8E57bE81f9e3eC7977,416,5010
0xC1517287Cae5fa508C3a01fEa862026670CEDCe8,417,400
0x3825D41d36Bcecf099Cf82f7D87db12a1a01E427,418,4234
0xBbe0Fbf1df707f7E27F142e68098DeAE66396b74,419,5777
0xEeFF3c16e38Ea548D615Cf3f246fDaAC601c0bb3,420,3122
0x6E19D6Da93e35273B693c2411fedf4900757f233,421,5920
0x38E1410A2FE19DA218a78Ae5886bE5A080e6B2f3,422,6796
0x894CC4301409D3f45a89B4aCFDB11A7695849fd1,423,4167
0x7d1Dfc0551a0DCc4478FfA3960a47C13133E9B5f,424,632
0xC02d6Ca9305DF77edF574fcFdC63DFC58400e799,425,6743
0x8ee21d5EB3b33Db12087a32889bF9924213D8fBD,426,2127
0x8F0D4F533355D303AC50a7967625fcb91E4650C9,427,4374
0xDcbA8202e25C0513B664742942De49Eb4341D74a,428,418
0x82F9b925d2782ada4CdD8eeDcCF9CE768f5B3FE1,429,5519
0xBa31B99aA5992436206b540e7ef4043bA5081590,430,2395
0x43B8F41Bc12EDFF02B60336841f838A45c3f3590,431,5474
0x3fcFfd4f700200E9D3618C8e33946FD6c045614b,432,5187
0xE911613779F4E001739C3cf2a9419fc319ea6ef1,433,3869
0x8f845332ce07b065443DEFE1dA6f4341E05338Dd,434,167
0x964888C274960E63f233e623bB27e76eA8aF4aAe,435,2435
0x70f0679170025617F4d43182aE39d085531c0d13,436,3838
0xC6034332eC4Dc35ef910Fa824c0F95d0823B32d8,437,833
0x71A90451b5e3Bc3E4EAB7f3C31415C37D2D9BdCc,438,5351
0x4b6B147EeB841a75b982d58Eb0cB8fB42C0bFcc9,439,574
0xA8663B371aB48C5aF31A7937a36b57F4bDB2b406,440,2628
0xd36D7880Fe5968Fd2ADc6033dE4f6b96B36AEEa8,441,1271
0x870474890df42a69966DD75C08Fe6c1c8DDd08A0,442,6223
0x56D80beDa46d457a74D4868712AA903bCDf7a398,443,7088
0x56F523f08ef2Fe11Dc3A10Ef6A8144fe584e9584,444,469
0x63a2aB6c4D6Fb925FA3A5762554b5B6e28192739,445,4895
0x69894BD791B85c3f623f8f2BcDa60fb5746Fac07,446,1634
0xa601d30cA84a5276eBdc835dE13e9DEf99eA8eD4,447,1374
0xC093ee4321ce2dDAbD91F77Fc8e0fD79721d43B2,448,1927
0x84E0e19c05483310D0fc3C54f7005b2dE7d69AC3,449,840
0xFdCb67133F573d77A4c989c6abfce015d6bF8AcC,450,1955
0xeB3CF5AcE9AEE10F3B0c9ccFfeB92A298C214454,451,7570
0xB5a586854c9183fAD6193e0e28096212042E51E1,452,3552
0xF0E5Dae3ac3ecEF6ca6EFf56a6c6Cd4cee9A6595,453,1704
0x844E01FC9a8bd19C83B569C295F87A1F3Be3D12C,454,5012
0x9A01638c6692F2500d007AF22AD13a5f83C6E559,455,5849
0xa89dA3f0F92a64E1F77F6C5981054863e9f71307,456,1681
0x6ae9ADBAd433e6102cda78AC046B8A2123051F39,457,3841
0x2c9d7A11b23a06E3D06D1a3476Ae20497dD80972,458,942
0x4AE354896bAC22B78Edf99eCAC09B2cD22A5f890,459,4328
0xB16D83AA5500fDAff08C0DdAe6AcF35F303f8C1D,460,6759
0x81Caa1eB52EAafC6ED087f4783035AbB0b66d046,461,4913
0x69809B589C6Fb65F541062632398ACFcF61A9F4c,462,2193
0x597524B8E183Cc431449533662255434c9eEaF1A,463,182
0x408521e5479c8e42b01Db408a010d80A613EA15b,464,335
0x0f9e224d920F9AdC15c7E656Aadbb2269462aF0F,465,2441
0xA5C36BA8524D5685F2DB12D06F747795a486e264,466,1754
0x003A746865E36B6aa887352608feD25bb429B1b4,467,7666
0x90B3f1038980efc023112102C3a640978aC5A06d,468,3394
0xaBDE697F0563E162AD44df5AD527edc2B81EdBeb,469,4199
0x88f6343236EfAc94e842943696C4dF9c2Bed5Ae8,470,4793
0x29D9874Dd31a033263fE4f0ab8f24e89a0928e1E,471,2701
0x0D5D91a52BB824a3119C7B169723B20688Bb031c,472,1161
0x81Fbba762479203463E6A211Baf93D6c6a675F0A,473,3680
0x2273bBAF8B00593C791b42e7d3f4b41e78Fd2A4D,474,6406
0xf1a6E6ce33104D132b8653Cad32F5b8DC4c5D96F,475,7615
0xe6BC407b9E5F043F2337388543230B9a42B6E40c,476,4811
0x44604B400A8B57c2F2035090481AEC54ab4ee8a8,477,3928
0x1da46aC703175Fc438f64fB28fd4A3Cc38aCd2aB,478,7953
0xB5fdbbd01C2658fCDB4dFe107A5E826906e21421,479,5146
0xa547Bb00e36b793339bB6E4F4665B722C0b7bBDa,480,37
0x8F0dfB202A40fd1b89e3FBD32D5fE3111d1a2fe7,481,5109
0xaa3A6D547648bF5cf9D749829B6aE86Cd2e140b7,482,2321
0xB14a83834Ef5DFa548a4994210Fbb911eC2a4425,483,5621
0x2acEa58622B88Aca32145D3b59e073E1508e2C37,484,176
0x92c7b4E40d546037C469F9a55CD5E4c2802d08D3,485,4284
0x6233ec39De004f5817a9664265bfbf78c45bf673,486,4375
0x35420CBb63c064885649bE3725d140B15A31Bd7F,487,7976
0x0e808438f605866D84CAc4D349eB688d6046Ea86,488,1952
0x88c2196545E79f53808002D401E8313b380423FD,489,4845
0xDBcDd43B939d019011df4d9BEeBa0b5105b432a7,490,7002
0xb9bea856Be397208a8c17ea38D89f9041eFf61b9,491,3119
0x81AE8Ea04ea8AeF5c4216b484199f887569c9964,492,382
0xf72b4D5D0d48EBbdB1155B6676C13D09B72b0fdA,493,479
0x0980019Ce367F2B9393938eCC3c847Eafab53B19,494,3734
0x7de4c5f2C443D08D04364f7f05BFC5C2c657cE61,495,5494
0x1dB2aee7FA0C0697FA549BDd3bd80f96De19cb9b,496,7042
0xC6DaF8a44d20E5d3EDd79847703107863931CcAA,497,8253
0xd95aC0dD5481c3A3c49f25213b5D88cf8F7E89c4,498,4041
0x50106b112da6EaA76C4005736BeAeFA3ea842C96,499,15
0x9177E1e9EA021F0008609df363BAD078DBf6869C,500,6862
